Team,Result,Margin,BR,Toss,Bat,Opposition,Ground,Start Date
Sri Lanka,lost,9 wickets,236,lost,1st,v West Indies,Manchester,7-Jun-75
Sri Lanka,lost,52 runs,0,won,2nd,v Australia,The Oval,11-Jun-75
Sri Lanka,lost,192 runs,0,won,2nd,v Pakistan,Nottingham,14-Jun-75
Sri Lanka,lost,9 wickets,74,lost,1st,v New Zealand,Nottingham,9-Jun-79
Sri Lanka,aban,-,0,-,-,v West Indies,The Oval,13-Jun-79
Sri Lanka,won,47 runs,0,lost,1st,v India,Manchester,16-Jun-79
Sri Lanka,lost,5 runs,0,won,2nd,v England,Colombo (SSC),13-Feb-82
Sri Lanka,won,3 runs,0,lost,1st,v England,Colombo (SSC),14-Feb-82
Sri Lanka,lost,8 wickets,22,lost,1st,v Pakistan,Karachi,12-Mar-82
Sri Lanka,won,30 runs,0,won,2nd,v Pakistan,Lahore,29-Mar-82
Sri Lanka,lost,5 wickets,11,lost,1st,v Pakistan,Karachi,31-Mar-82
Sri Lanka,lost,78 runs,0,won,2nd,v India,Amritsar,12-Sep-82
Sri Lanka,lost,6 wickets,55,won,1st,v India,Delhi,15-Sep-82
Sri Lanka,lost,6 wickets,64,won,1st,v India,Bengaluru,26-Sep-82
Sri Lanka,lost,65 runs,0,won,2nd,v New Zealand,Dunedin,2-Mar-83
Sri Lanka,lost,7 wickets,80,lost,1st,v New Zealand,Napier,19-Mar-83
Sri Lanka,lost,116 runs,0,lost,2nd,v New Zealand,Auckland,20-Mar-83
Sri Lanka,won,2 wickets,5,lost,2nd,v Australia,Colombo (PSS),13-Apr-83
Sri Lanka,won,4 wickets,10,won,2nd,v Australia,Colombo (PSS),16-Apr-83
Sri Lanka,n/r,-,0,won,2nd,v Australia,Colombo (SSC),29-Apr-83
Sri Lanka,n/r,-,0,lost,2nd,v Australia,Colombo (SSC),30-Apr-83
Sri Lanka,lost,50 runs,0,won,2nd,v Pakistan,Swansea,9-Jun-83
Sri Lanka,lost,47 runs,0,lost,2nd,v England,Taunton,11-Jun-83
Sri Lanka,lost,5 wickets,124,lost,1st,v New Zealand,Bristol,13-Jun-83
Sri Lanka,lost,11 runs,0,won,2nd,v Pakistan,Leeds,16-Jun-83
Sri Lanka,won,3 wickets,43,won,2nd,v New Zealand,Derby,18-Jun-83
Sri Lanka,lost,9 wickets,215,lost,1st,v England,Leeds,20-Jun-83
Sri Lanka,lost,104 runs,0,won,2nd,v New Zealand,Colombo (SSC),3-Mar-84
Sri Lanka,won,41 runs,0,lost,1st,v New Zealand,Moratuwa,31-Mar-84
Sri Lanka,lost,86 runs,0,won,2nd,v New Zealand,Colombo (PSS),1-Apr-84
Sri Lanka,won,5 wickets,15,won,2nd,v Pakistan,Sharjah,6-Apr-84
Sri Lanka,lost,10 wickets,170,lost,1st,v India,Sharjah,8-Apr-84
Sri Lanka,won,4 wickets,32,lost,2nd,v New Zealand,Colombo (PSS),3-Nov-84
Sri Lanka,lost,7 wickets,56,lost,1st,v New Zealand,Moratuwa,4-Nov-84
Sri Lanka,lost,6 wickets,16,won,1st,v Australia,Sydney,8-Jan-85
Sri Lanka,lost,8 wickets,56,lost,1st,v West Indies,Hobart,10-Jan-85
Sri Lanka,lost,90 runs,0,won,2nd,v West Indies,Brisbane,12-Jan-85
Sri Lanka,lost,65 runs,0,lost,2nd,v West Indies,Sydney,17-Jan-85
Sri Lanka,won,4 wickets,4,won,2nd,v Australia,Melbourne,19-Jan-85
Sri Lanka,lost,3 wickets,17,lost,1st,v Australia,Sydney,23-Jan-85
Sri Lanka,lost,8 wickets,76,lost,1st,v West Indies,Adelaide,26-Jan-85
Sri Lanka,lost,232 runs,0,won,2nd,v Australia,Adelaide,28-Jan-85
Sri Lanka,lost,82 runs,0,won,2nd,v West Indies,Perth,2-Feb-85
Sri Lanka,lost,9 wickets,157,won,1st,v Australia,Perth,3-Feb-85
Sri Lanka,lost,51 runs,0,won,2nd,v New Zealand,Melbourne,23-Feb-85
Sri Lanka,lost,8 wickets,143,won,1st,v West Indies,Melbourne,27-Feb-85
Sri Lanka,lost,2 wickets,3,lost,1st,v India,Colombo (SSC),25-Aug-85
Sri Lanka,won,14 runs,0,lost,1st,v India,Colombo (PSS),21-Sep-85
Sri Lanka,n/r,-,0,won,2nd,v India,Colombo (PSS),22-Sep-85
Sri Lanka,lost,8 wickets,43,lost,1st,v Pakistan,Peshawar,13-Oct-85
Sri Lanka,lost,15 runs,0,won,2nd,v Pakistan,Gujranwala,23-Oct-85
Sri Lanka,lost,5 wickets,9,lost,1st,v Pakistan,Lahore,25-Oct-85
Sri Lanka,lost,89 runs,0,won,2nd,v Pakistan,Hyderabad (Sind),3-Nov-85
Sri Lanka,lost,8 wickets,9,lost,1st,v Pakistan,Kandy,2-Mar-86
Sri Lanka,n/r,-,0,won,2nd,v Pakistan,Moratuwa,8-Mar-86
Sri Lanka,aban,-,0,-,-,v Pakistan,Colombo (RPS),9-Mar-86
Sri Lanka,lost,8 wickets,6,lost,1st,v Pakistan,Colombo (SSC),11-Mar-86
Sri Lanka,lost,81 runs,0,won,2nd,v Pakistan,Colombo (PSS),30-Mar-86
Sri Lanka,won,7 wickets,81,won,2nd,v Bangladesh,Kandy,2-Apr-86
Sri Lanka,lost,6 wickets,40,lost,1st,v New Zealand,Colombo (RPS),5-Apr-86
Sri Lanka,won,5 wickets,16,won,2nd,v Pakistan,Colombo (SSC),6-Apr-86
Sri Lanka,lost,3 wickets,5,lost,1st,v India,Sharjah,13-Apr-86
Sri Lanka,lost,7 wickets,21,lost,1st,v India,Sharjah,27-Nov-86
Sri Lanka,lost,4 wickets,6,lost,1st,v Pakistan,Sharjah,2-Dec-86
Sri Lanka,lost,193 runs,0,won,2nd,v West Indies,Sharjah,3-Dec-86
Sri Lanka,won,117 runs,0,lost,1st,v India,Kanpur,24-Dec-86
Sri Lanka,lost,8 wickets,111,lost,1st,v India,Guwahati,11-Jan-87
Sri Lanka,lost,6 wickets,15,lost,1st,v India,Delhi,13-Jan-87
Sri Lanka,lost,94 runs,0,won,2nd,v India,Vadodara,15-Jan-87
Sri Lanka,lost,10 runs,0,won,2nd,v India,Wankhede,17-Jan-87
Sri Lanka,lost,15 runs,0,lost,2nd,v Pakistan,Hyderabad (Sind),8-Oct-87
Sri Lanka,lost,191 runs,0,won,2nd,v West Indies,Karachi,13-Oct-87
Sri Lanka,lost,108 runs,0,lost,2nd,v England,Peshawar,17-Oct-87
Sri Lanka,lost,25 runs,0,won,2nd,v West Indies,Kanpur,21-Oct-87
Sri Lanka,lost,113 runs,0,lost,2nd,v Pakistan,Faisalabad,25-Oct-87
Sri Lanka,lost,8 wickets,52,won,1st,v England,Pune,30-Oct-87
Sri Lanka,lost,81 runs,0,won,2nd,v Australia,Perth,2-Jan-88
Sri Lanka,lost,6 wickets,8,won,1st,v New Zealand,Sydney,5-Jan-88
Sri Lanka,lost,4 wickets,1,won,1st,v New Zealand,Adelaide,9-Jan-88
Sri Lanka,lost,81 runs,0,lost,2nd,v Australia,Adelaide,10-Jan-88
Sri Lanka,won,4 wickets,21,won,2nd,v New Zealand,Hobart,12-Jan-88
Sri Lanka,lost,38 runs,0,lost,2nd,v Australia,Melbourne,14-Jan-88
Sri Lanka,lost,4 wickets,11,lost,1st,v New Zealand,Brisbane,16-Jan-88
Sri Lanka,lost,3 wickets,3,lost,1st,v Australia,Sydney,19-Jan-88
Sri Lanka,lost,18 runs,0,won,2nd,v India,Sharjah,25-Mar-88
Sri Lanka,lost,99 runs,0,won,2nd,v New Zealand,Sharjah,29-Mar-88
Sri Lanka,lost,43 runs,0,lost,2nd,v New Zealand,Sharjah,31-Mar-88
Sri Lanka,lost,5 wickets,14,lost,1st,v England,The Oval,4-Sep-88
Sri Lanka,won,5 wickets,31,won,2nd,v Pakistan,Dhaka,27-Oct-88
Sri Lanka,won,17 runs,0,lost,1st,v India,Dhaka,29-Oct-88
Sri Lanka,won,9 wickets,85,won,2nd,v Bangladesh,Dhaka,2-Nov-88
Sri Lanka,lost,6 wickets,47,lost,1st,v India,Dhaka,4-Nov-88
Sri Lanka,lost,30 runs,0,won,2nd,v Pakistan,Sharjah,23-Mar-89
Sri Lanka,lost,7 wickets,13,won,1st,v Pakistan,Sharjah,24-Mar-89
Sri Lanka,lost,5 wickets,8,lost,1st,v England,Delhi,15-Oct-89
Sri Lanka,won,4 wickets,17,won,2nd,v West Indies,Rajkot,19-Oct-89
Sri Lanka,lost,6 runs,0,lost,2nd,v India,Ahmedabad,22-Oct-89
Sri Lanka,lost,28 runs,0,lost,2nd,v Australia,Margao,25-Oct-89
Sri Lanka,lost,6 runs,0,lost,2nd,v Pakistan,Lucknow,27-Oct-89
Sri Lanka,lost,30 runs,0,won,2nd,v Australia,Melbourne,26-Dec-89
Sri Lanka,lost,9 wickets,55,won,1st,v Australia,Perth,30-Dec-89
Sri Lanka,won,3 wickets,9,lost,2nd,v Pakistan,Perth,31-Dec-89
Sri Lanka,lost,73 runs,0,lost,2nd,v Australia,Melbourne,4-Jan-90
Sri Lanka,lost,5 wickets,18,lost,1st,v Pakistan,Brisbane,10-Feb-90
Sri Lanka,lost,6 wickets,9,lost,1st,v Pakistan,Hobart,15-Feb-90
Sri Lanka,lost,27 runs,0,won,2nd,v Pakistan,Adelaide,17-Feb-90
Sri Lanka,lost,7 wickets,60,won,1st,v Australia,Adelaide,18-Feb-90
Sri Lanka,won,3 wickets,4,won,2nd,v India,Sharjah,25-Apr-90
Sri Lanka,lost,90 runs,0,won,2nd,v Pakistan,Sharjah,29-Apr-90
Sri Lanka,lost,114 runs,0,lost,2nd,v Australia,Sharjah,2-May-90
Sri Lanka,lost,19 runs,0,won,2nd,v India,Nagpur,1-Dec-90
Sri Lanka,lost,6 wickets,21,lost,1st,v India,Pune,5-Dec-90
Sri Lanka,won,7 wickets,103,lost,2nd,v India,Margao,8-Dec-90
Sri Lanka,won,6 wickets,31,won,2nd,v Pakistan,Sharjah,20-Dec-90
Sri Lanka,lost,50 runs,0,won,2nd,v Pakistan,Sharjah,21-Dec-90
Sri Lanka,won,36 runs,0,won,1st,v India,Cuttack,28-Dec-90
Sri Lanka,won,71 runs,0,won,1st,v Bangladesh,Eden Gardens,31-Dec-90
Sri Lanka,lost,7 wickets,17,lost,1st,v India,Eden Gardens,4-Jan-91
Sri Lanka,lost,5 wickets,45,lost,1st,v New Zealand,Napier,26-Jan-91
Sri Lanka,lost,41 runs,0,won,2nd,v New Zealand,Auckland,28-Jan-91
Sri Lanka,lost,107 runs,0,won,2nd,v New Zealand,Dunedin,6-Feb-91
Sri Lanka,lost,8 wickets,19,lost,1st,v Pakistan,Sargodha,10-Jan-92
Sri Lanka,lost,29 runs,0,won,2nd,v Pakistan,Karachi,13-Jan-92
Sri Lanka,lost,59 runs,0,won,2nd,v Pakistan,Hyderabad (Sind),15-Jan-92
Sri Lanka,won,4 wickets,2,won,2nd,v Pakistan,Multan,17-Jan-92
Sri Lanka,lost,117 runs,0,won,2nd,v Pakistan,Rawalpindi,19-Jan-92
Sri Lanka,won,3 wickets,4,won,2nd,v Zimbabwe,New Plymouth,23-Feb-92
Sri Lanka,lost,6 wickets,10,lost,1st,v New Zealand,Hamilton,25-Feb-92
Sri Lanka,n/r,-,0,won,2nd,v India,Mackay,28-Feb-92
Sri Lanka,won,3 wickets,1,won,2nd,v South Africa,Wellington,2-Mar-92
Sri Lanka,lost,7 wickets,36,lost,1st,v Australia,Adelaide,7-Mar-92
Sri Lanka,lost,106 runs,0,lost,2nd,v England,Ballarat,9-Mar-92
Sri Lanka,lost,91 runs,0,won,2nd,v West Indies,Berri,13-Mar-92
Sri Lanka,lost,4 wickets,5,won,1st,v Pakistan,Perth,15-Mar-92
Sri Lanka,won,4 wickets,4,won,2nd,v Australia,Colombo (PSS),15-Aug-92
Sri Lanka,won,5 wickets,7,won,2nd,v Australia,Colombo (RPS),4-Sep-92
Sri Lanka,lost,5 wickets,13,lost,1st,v Australia,Colombo (RPS),5-Sep-92
Sri Lanka,n/r,-,0,won,2nd,v New Zealand,Colombo (RPS),4-Dec-92
Sri Lanka,won,8 wickets,74,won,2nd,v New Zealand,Colombo (PSS),12-Dec-92
Sri Lanka,won,31 runs,0,lost,1st,v New Zealand,Colombo (RPS),13-Dec-92
Sri Lanka,lost,8 wickets,34,lost,1st,v Pakistan,Sharjah,2-Feb-93
Sri Lanka,won,30 runs,0,won,1st,v Zimbabwe,Sharjah,3-Feb-93
Sri Lanka,lost,114 runs,0,won,2nd,v Pakistan,Sharjah,4-Feb-93
Sri Lanka,won,32 runs,0,won,1st,v England,Colombo (RPS),10-Mar-93
Sri Lanka,won,8 wickets,88,won,2nd,v England,Moratuwa,20-Mar-93
Sri Lanka,lost,1 runs,0,won,2nd,v India,Colombo (RPS),25-Jul-93
Sri Lanka,won,8 runs,0,lost,1st,v India,Colombo (RPS),12-Aug-93
Sri Lanka,won,4 wickets,3,lost,2nd,v India,Moratuwa,14-Aug-93
Sri Lanka,n/r,-,0,lost,1st,v South Africa,Kandy,22-Aug-93
Sri Lanka,lost,124 runs,0,lost,2nd,v South Africa,Colombo (RPS),2-Sep-93
Sri Lanka,won,44 runs,0,won,1st,v South Africa,Colombo (RPS),4-Sep-93
Sri Lanka,lost,8 wickets,24,lost,1st,v West Indies,Sharjah,28-Oct-93
Sri Lanka,lost,114 runs,0,won,2nd,v Pakistan,Sharjah,30-Oct-93
Sri Lanka,lost,2 wickets,2,won,1st,v Pakistan,Sharjah,2-Nov-93
Sri Lanka,lost,8 wickets,68,won,1st,v West Indies,Sharjah,3-Nov-93
Sri Lanka,lost,7 wickets,32,lost,1st,v India,Kanpur,7-Nov-93
Sri Lanka,lost,46 runs,0,won,2nd,v West Indies,Wankhede,9-Nov-93
Sri Lanka,won,55 runs,0,lost,1st,v Zimbabwe,Patna,15-Nov-93
Sri Lanka,lost,78 runs,0,won,2nd,v South Africa,Guwahati,19-Nov-93
Sri Lanka,lost,7 wickets,49,lost,1st,v West Indies,Eden Gardens,25-Nov-93
Sri Lanka,n/r,-,0,lost,2nd,v West Indies,Colombo (PSS),1-Dec-93
Sri Lanka,won,3 wickets,5,lost,2nd,v West Indies,Colombo (RPS),16-Dec-93
Sri Lanka,lost,6 wickets,5,won,1st,v West Indies,Colombo (SSC),18-Dec-93
Sri Lanka,lost,8 runs,0,won,2nd,v India,Rajkot,15-Feb-94
Sri Lanka,lost,7 wickets,10,lost,1st,v India,Hyderabad (Deccan),18-Feb-94
Sri Lanka,won,4 wickets,1,won,2nd,v India,Jalandhar,20-Feb-94
Sri Lanka,lost,9 wickets,79,won,1st,v Australia,Sharjah,14-Apr-94
Sri Lanka,lost,2 runs,0,won,2nd,v New Zealand,Sharjah,18-Apr-94
Sri Lanka,lost,9 wickets,70,won,1st,v Pakistan,Colombo (RPS),3-Aug-94
Sri Lanka,won,7 wickets,16,won,2nd,v Pakistan,Colombo (RPS),6-Aug-94
Sri Lanka,lost,19 runs,0,won,2nd,v Pakistan,Colombo (SSC),7-Aug-94
Sri Lanka,lost,5 wickets,50,lost,1st,v Pakistan,Colombo (SSC),22-Aug-94
Sri Lanka,lost,27 runs,0,won,2nd,v Pakistan,Colombo (RPS),24-Aug-94
Sri Lanka,n/r,-,0,won,2nd,v India,Colombo (RPS),4-Sep-94
Sri Lanka,won,7 wickets,4,won,2nd,v India,Colombo (RPS),5-Sep-94
Sri Lanka,won,7 wickets,16,won,2nd,v Pakistan,Colombo (SSC),11-Sep-94
Sri Lanka,won,6 wickets,8,won,2nd,v Australia,Colombo (PSS),13-Sep-94
Sri Lanka,lost,6 wickets,8,lost,1st,v India,Colombo (SSC),17-Sep-94
Sri Lanka,won,56 runs,0,lost,1st,v Zimbabwe,Harare,3-Nov-94
Sri Lanka,lost,2 runs,0,lost,2nd,v Zimbabwe,Harare,5-Nov-94
Sri Lanka,won,191 runs,0,won,1st,v Zimbabwe,Harare,6-Nov-94
Sri Lanka,lost,6 wickets,13,won,1st,v Pakistan,Durban,2-Dec-94
Sri Lanka,lost,12 runs,0,won,2nd,v Pakistan,Centurion,4-Dec-94
Sri Lanka,n/r,-,0,won,1st,v New Zealand,Bloemfontein,8-Dec-94
Sri Lanka,won,35 runs,0,won,1st,v South Africa,Bloemfontein,15-Dec-94
Sri Lanka,won,5 wickets,17,lost,2nd,v New Zealand,East London,18-Dec-94
Sri Lanka,lost,44 runs,0,lost,2nd,v South Africa,Gqeberha,21-Dec-94
Sri Lanka,lost,33 runs,0,won,2nd,v New Zealand,Christchurch,26-Mar-95
Sri Lanka,lost,57 runs,0,lost,2nd,v New Zealand,Hamilton,29-Mar-95
Sri Lanka,won,51 runs,0,won,1st,v New Zealand,Auckland,1-Apr-95
Sri Lanka,won,107 runs,0,lost,1st,v Bangladesh,Sharjah,6-Apr-95
Sri Lanka,lost,8 wickets,101,won,1st,v India,Sharjah,9-Apr-95
Sri Lanka,won,5 wickets,115,won,2nd,v Pakistan,Sharjah,11-Apr-95
Sri Lanka,lost,8 wickets,49,lost,1st,v India,Sharjah,14-Apr-95
Sri Lanka,lost,9 wickets,36,lost,1st,v Pakistan,Gujranwala,29-Sep-95
Sri Lanka,won,49 runs,0,lost,1st,v Pakistan,Faisalabad,1-Oct-95
Sri Lanka,won,4 wickets,2,won,2nd,v Pakistan,Rawalpindi,3-Oct-95
Sri Lanka,won,6 runs,0,lost,1st,v West Indies,Sharjah,11-Oct-95
Sri Lanka,lost,82 runs,0,lost,2nd,v Pakistan,Sharjah,12-Oct-95
Sri Lanka,lost,4 runs,0,lost,2nd,v West Indies,Sharjah,16-Oct-95
Sri Lanka,won,8 wickets,139,lost,2nd,v Pakistan,Sharjah,17-Oct-95
Sri Lanka,won,50 runs,0,lost,1st,v West Indies,Sharjah,20-Oct-95
Sri Lanka,won,4 wickets,30,won,2nd,v West Indies,Adelaide,15-Dec-95
Sri Lanka,lost,5 wickets,2,won,1st,v Australia,Sydney,21-Dec-95
Sri Lanka,lost,70 runs,0,won,2nd,v West Indies,Hobart,3-Jan-96
Sri Lanka,lost,7 wickets,143,won,1st,v West Indies,Brisbane,5-Jan-96
Sri Lanka,won,3 wickets,15,lost,2nd,v Australia,Melbourne,9-Jan-96
Sri Lanka,lost,83 runs,0,lost,2nd,v Australia,Perth,12-Jan-96
Sri Lanka,won,16 runs,0,lost,1st,v West Indies,Perth,14-Jan-96
Sri Lanka,won,3 wickets,2,lost,2nd,v Australia,Melbourne,16-Jan-96
Sri Lanka,lost,18 runs,0,won,2nd,v Australia,Melbourne,18-Jan-96
Sri Lanka,lost,9 runs,0,won,2nd,v Australia,Sydney,20-Jan-96
Sri Lanka,won,-,0,-,-,v Australia,Colombo (RPS),17-Feb-96
Sri Lanka,won,6 wickets,78,lost,2nd,v Zimbabwe,Colombo (SSC),21-Feb-96
Sri Lanka,won,-,0,-,-,v West Indies,Colombo (RPS),25-Feb-96
Sri Lanka,won,6 wickets,8,won,2nd,v India,Delhi,2-Mar-96
Sri Lanka,won,144 runs,0,lost,1st,v Kenya,Kandy,6-Mar-96
Sri Lanka,won,5 wickets,56,lost,2nd,v England,Faisalabad,9-Mar-96
Sri Lanka,won,-,0,lost,1st,v India,Eden Gardens,13-Mar-96
Sri Lanka,won,7 wickets,22,won,2nd,v Australia,Lahore,17-Mar-96
Sri Lanka,n/r,-,0,won,2nd,v Pakistan,Singapore,1-Apr-96
Sri Lanka,won,34 runs,0,lost,1st,v Pakistan,Singapore,2-Apr-96
Sri Lanka,lost,12 runs,0,lost,2nd,v India,Singapore,3-Apr-96
Sri Lanka,lost,43 runs,0,won,2nd,v Pakistan,Singapore,7-Apr-96
Sri Lanka,won,35 runs,0,won,1st,v West Indies,Port of Spain,13-Apr-96
Sri Lanka,won,9 wickets,34,lost,2nd,v India,Colombo (RPS),28-Aug-96
Sri Lanka,won,4 wickets,25,lost,2nd,v Australia,Colombo (RPS),30-Aug-96
Sri Lanka,won,6 wickets,18,won,2nd,v Zimbabwe,Colombo (SSC),3-Sep-96
Sri Lanka,won,50 runs,0,lost,1st,v Australia,Colombo (RPS),7-Sep-96
Sri Lanka,won,7 wickets,116,won,2nd,v Kenya,Nairobi (Gym),28-Sep-96
Sri Lanka,won,2 wickets,56,lost,2nd,v South Africa,Nairobi (Club),1-Oct-96
Sri Lanka,lost,82 runs,0,won,2nd,v Pakistan,Nairobi (Gym),4-Oct-96
Sri Lanka,lost,29 runs,0,won,2nd,v New Zealand,Sharjah,7-Nov-96
Sri Lanka,won,75 runs,0,lost,1st,v Pakistan,Sharjah,8-Nov-96
Sri Lanka,tied,-,0,lost,2nd,v New Zealand,Sharjah,11-Nov-96
Sri Lanka,lost,8 wickets,20,won,1st,v Pakistan,Sharjah,12-Nov-96
Sri Lanka,aban,-,0,-,-,v New Zealand,Auckland,22-Mar-97
Sri Lanka,won,6 wickets,85,won,2nd,v New Zealand,Christchurch,25-Mar-97
Sri Lanka,lost,69 runs,0,won,2nd,v New Zealand,Wellington,27-Mar-97
Sri Lanka,won,7 wickets,26,won,2nd,v Zimbabwe,Sharjah,3-Apr-97
Sri Lanka,won,19 runs,0,lost,1st,v Pakistan,Sharjah,4-Apr-97
Sri Lanka,won,51 runs,0,won,1st,v Pakistan,Sharjah,7-Apr-97
Sri Lanka,lost,50 runs,0,lost,2nd,v Zimbabwe,Sharjah,8-Apr-97
Sri Lanka,won,4 wickets,4,lost,2nd,v Pakistan,Sharjah,11-Apr-97
Sri Lanka,lost,30 runs,0,lost,2nd,v Pakistan,Gwalior,12-May-97
Sri Lanka,won,5 wickets,55,lost,2nd,v India,Wankhede,17-May-97
Sri Lanka,won,52 runs,0,won,1st,v New Zealand,Hyderabad (Deccan),20-May-97
Sri Lanka,won,115 runs,0,won,1st,v Pakistan,Mohali,24-May-97
Sri Lanka,won,85 runs,0,won,1st,v Pakistan,Eden Gardens,27-May-97
Sri Lanka,lost,35 runs,0,won,2nd,v West Indies,Port of Spain,6-Jun-97
Sri Lanka,won,15 runs,0,lost,1st,v Pakistan,Colombo (RPS),14-Jul-97
Sri Lanka,won,6 wickets,32,won,2nd,v India,Colombo (RPS),18-Jul-97
Sri Lanka,won,103 runs,0,lost,1st,v Bangladesh,Colombo (SSC),22-Jul-97
Sri Lanka,won,8 wickets,79,lost,2nd,v India,Colombo (RPS),26-Jul-97
Sri Lanka,won,2 runs,0,lost,1st,v India,Colombo (RPS),17-Aug-97
Sri Lanka,won,7 wickets,49,won,2nd,v India,Colombo (RPS),20-Aug-97
Sri Lanka,n/r,-,0,won,2nd,v India,Colombo (SSC),23-Aug-97
Sri Lanka,won,9 runs,0,lost,1st,v India,Colombo (SSC),24-Aug-97
Sri Lanka,won,7 wickets,62,won,2nd,v West Indies,Lahore,1-Nov-97
Sri Lanka,won,8 wickets,60,won,2nd,v Pakistan,Lahore,5-Nov-97
Sri Lanka,lost,66 runs,0,won,2nd,v South Africa,Lahore,6-Nov-97
Sri Lanka,lost,4 wickets,56,lost,1st,v South Africa,Lahore,8-Nov-97
Sri Lanka,lost,7 wickets,31,lost,1st,v India,Guwahati,22-Dec-97
Sri Lanka,n/r,-,0,won,1st,v India,Indore,25-Dec-97
Sri Lanka,won,5 wickets,10,lost,2nd,v India,Margao,28-Dec-97
Sri Lanka,won,5 wickets,28,won,2nd,v Zimbabwe,Colombo (SSC),22-Jan-98
Sri Lanka,won,5 wickets,10,lost,2nd,v Zimbabwe,Colombo (RPS),24-Jan-98
Sri Lanka,won,4 wickets,6,lost,2nd,v Zimbabwe,Colombo (SSC),26-Jan-98
Sri Lanka,lost,57 runs,0,lost,2nd,v South Africa,Johannesburg,5-Apr-98
Sri Lanka,lost,4 wickets,12,won,1st,v Pakistan,Kimberley,7-Apr-98
Sri Lanka,lost,110 runs,0,lost,2nd,v Pakistan,Paarl,9-Apr-98
Sri Lanka,won,6 wickets,20,lost,2nd,v South Africa,Gqeberha,13-Apr-98
Sri Lanka,won,115 runs,0,lost,1st,v Pakistan,Benoni,15-Apr-98
Sri Lanka,lost,5 wickets,141,lost,1st,v South Africa,Bloemfontein,19-Apr-98
Sri Lanka,lost,8 wickets,38,won,1st,v India,Colombo (RPS),19-Jun-98
Sri Lanka,won,7 wickets,60,lost,2nd,v New Zealand,Colombo (RPS),21-Jun-98
Sri Lanka,aban,-,0,-,-,v India,Galle,25-Jun-98
Sri Lanka,aban,-,0,-,-,v New Zealand,Galle,27-Jun-98
Sri Lanka,won,8 runs,0,lost,1st,v India,Colombo (SSC),1-Jul-98
Sri Lanka,won,87 runs,0,lost,1st,v New Zealand,Colombo (SSC),5-Jul-98
Sri Lanka,lost,6 runs,0,lost,2nd,v India,Colombo (RPS),7-Jul-98
Sri Lanka,won,57 runs,0,lost,1st,v South Africa,Nottingham,14-Aug-98
Sri Lanka,lost,36 runs,0,won,2nd,v England,Lord's,16-Aug-98
Sri Lanka,won,5 wickets,17,lost,2nd,v England,Lord's,20-Aug-98
Sri Lanka,won,5 wickets,51,won,2nd,v New Zealand,Dhaka,26-Oct-98
Sri Lanka,lost,92 runs,0,won,2nd,v South Africa,Dhaka,30-Oct-98
Sri Lanka,lost,3 wickets,5,lost,1st,v India,Sharjah,6-Nov-98
Sri Lanka,lost,7 wickets,23,lost,1st,v Zimbabwe,Sharjah,7-Nov-98
Sri Lanka,lost,81 runs,0,won,2nd,v India,Sharjah,9-Nov-98
Sri Lanka,lost,24 runs,0,won,2nd,v Zimbabwe,Sharjah,10-Nov-98
Sri Lanka,lost,4 wickets,3,won,1st,v England,Brisbane,11-Jan-99
Sri Lanka,lost,8 wickets,23,won,1st,v Australia,Sydney,13-Jan-99
Sri Lanka,lost,7 wickets,28,won,1st,v England,Melbourne,19-Jan-99
Sri Lanka,won,3 wickets,3,won,2nd,v Australia,Hobart,21-Jan-99
Sri Lanka,won,1 wickets,2,won,2nd,v England,Adelaide,23-Jan-99
Sri Lanka,lost,80 runs,0,won,2nd,v Australia,Adelaide,24-Jan-99
Sri Lanka,lost,128 runs,0,won,2nd,v England,Perth,29-Jan-99
Sri Lanka,lost,45 runs,0,won,2nd,v Australia,Perth,31-Jan-99
Sri Lanka,won,11 runs,0,lost,1st,v England,Sydney,3-Feb-99
Sri Lanka,lost,43 runs,0,lost,2nd,v Australia,Melbourne,7-Feb-99
Sri Lanka,lost,9 runs,0,lost,2nd,v Pakistan,Jamshedpur,19-Mar-99
Sri Lanka,lost,80 runs,0,won,2nd,v India,Nagpur,22-Mar-99
Sri Lanka,won,12 runs,0,won,1st,v Pakistan,Visakhapatnam,27-Mar-99
Sri Lanka,lost,51 runs,0,won,2nd,v India,Pune,30-Mar-99
Sri Lanka,lost,8 wickets,19,lost,1st,v England,Lord's,14-May-99
Sri Lanka,lost,89 runs,0,won,2nd,v South Africa,Northampton,19-May-99
Sri Lanka,won,4 wickets,24,won,2nd,v Zimbabwe,Worcester,22-May-99
Sri Lanka,lost,157 runs,0,won,2nd,v India,Taunton,26-May-99
Sri Lanka,won,45 runs,0,lost,1st,v Kenya,Southampton,30-May-99
Sri Lanka,lost,50 runs,0,won,2nd,v Australia,Galle,22-Aug-99
Sri Lanka,won,7 wickets,20,lost,2nd,v India,Colombo (RPS),25-Aug-99
Sri Lanka,lost,27 runs,0,lost,2nd,v Australia,Colombo (RPS),26-Aug-99
Sri Lanka,lost,23 runs,0,won,2nd,v India,Colombo (SSC),29-Aug-99
Sri Lanka,won,8 wickets,63,lost,2nd,v Australia,Colombo (RPS),31-Aug-99
Sri Lanka,lost,3 wickets,4,won,1st,v West Indies,Sharjah,13-Oct-99
Sri Lanka,tied,-,0,lost,2nd,v Pakistan,Sharjah,15-Oct-99
Sri Lanka,won,9 wickets,132,lost,2nd,v West Indies,Sharjah,17-Oct-99
Sri Lanka,lost,118 runs,0,lost,2nd,v Pakistan,Sharjah,18-Oct-99
Sri Lanka,lost,88 runs,0,lost,2nd,v Pakistan,Sharjah,22-Oct-99
Sri Lanka,n/r,-,0,lost,1st,v Zimbabwe,Bulawayo,11-Dec-99
Sri Lanka,won,13 runs,0,lost,1st,v Zimbabwe,Bulawayo,12-Dec-99
Sri Lanka,won,98 runs,0,lost,1st,v Zimbabwe,Harare,15-Dec-99
Sri Lanka,won,6 wickets,32,lost,2nd,v Zimbabwe,Harare,18-Dec-99
Sri Lanka,lost,6 wickets,22,won,1st,v Zimbabwe,Harare,19-Dec-99
Sri Lanka,won,29 runs,0,lost,1st,v Pakistan,Karachi,13-Feb-00
Sri Lanka,won,34 runs,0,lost,1st,v Pakistan,Gujranwala,16-Feb-00
Sri Lanka,won,104 runs,0,lost,1st,v Pakistan,Lahore,19-Feb-00
Sri Lanka,won,9 wickets,116,won,2nd,v Bangladesh,Dhaka,29-May-00
Sri Lanka,won,71 runs,0,won,1st,v India,Dhaka,1-Jun-00
Sri Lanka,lost,7 wickets,10,won,1st,v Pakistan,Dhaka,5-Jun-00
Sri Lanka,lost,39 runs,0,lost,2nd,v Pakistan,Dhaka,7-Jun-00
Sri Lanka,won,5 wickets,45,won,2nd,v Pakistan,Galle,5-Jul-00
Sri Lanka,won,37 runs,0,lost,1st,v South Africa,Galle,6-Jul-00
Sri Lanka,won,6 wickets,4,lost,2nd,v Pakistan,Colombo (RPS),9-Jul-00
Sri Lanka,won,8 wickets,135,won,2nd,v South Africa,Colombo (SSC),11-Jul-00
Sri Lanka,won,30 runs,0,won,1st,v South Africa,Colombo (RPS),14-Jul-00
Sri Lanka,won,108 runs,0,lost,1st,v West Indies,Nairobi (Gym),4-Oct-00
Sri Lanka,lost,9 wickets,40,won,1st,v Pakistan,Nairobi (Gym),8-Oct-00
Sri Lanka,won,5 wickets,37,lost,2nd,v India,Sharjah,20-Oct-00
Sri Lanka,won,7 wickets,18,won,2nd,v Zimbabwe,Sharjah,21-Oct-00
Sri Lanka,won,123 runs,0,lost,1st,v Zimbabwe,Sharjah,25-Oct-00
Sri Lanka,won,68 runs,0,lost,1st,v India,Sharjah,27-Oct-00
Sri Lanka,won,245 runs,0,won,1st,v India,Sharjah,29-Oct-00
Sri Lanka,lost,4 wickets,16,won,1st,v South Africa,Gqeberha,15-Dec-00
Sri Lanka,lost,95 runs,0,lost,2nd,v South Africa,East London,17-Dec-00
Sri Lanka,lost,8 wickets,7,won,1st,v South Africa,Paarl,9-Jan-01
Sri Lanka,lost,99 runs,0,lost,2nd,v South Africa,Cape Town,11-Jan-01
Sri Lanka,lost,5 wickets,48,lost,1st,v South Africa,Bloemfontein,14-Jan-01
Sri Lanka,won,4 runs,0,lost,1st,v South Africa,Johannesburg,17-Jan-01
Sri Lanka,won,61 runs,0,won,1st,v New Zealand,Napier,31-Jan-01
Sri Lanka,won,3 wickets,3,lost,2nd,v New Zealand,Wellington,3-Feb-01
Sri Lanka,won,9 wickets,103,won,2nd,v New Zealand,Auckland,6-Feb-01
Sri Lanka,won,3 runs,0,won,2nd,v New Zealand,Hamilton,8-Feb-01
Sri Lanka,lost,13 runs,0,won,2nd,v New Zealand,Christchurch,11-Feb-01
Sri Lanka,won,5 wickets,55,lost,2nd,v England,Dambulla,23-Mar-01
Sri Lanka,won,66 runs,0,won,1st,v England,Colombo (RPS),25-Mar-01
Sri Lanka,won,10 wickets,97,won,2nd,v England,Colombo (SSC),27-Mar-01
Sri Lanka,lost,16 runs,0,lost,2nd,v Pakistan,Sharjah,8-Apr-01
Sri Lanka,won,106 runs,0,won,1st,v New Zealand,Sharjah,10-Apr-01
Sri Lanka,lost,28 runs,0,lost,2nd,v Pakistan,Sharjah,13-Apr-01
Sri Lanka,lost,79 runs,0,won,2nd,v New Zealand,Sharjah,17-Apr-01
Sri Lanka,won,77 runs,0,won,1st,v Pakistan,Sharjah,20-Apr-01
Sri Lanka,won,16 runs,0,won,1st,v New Zealand,Colombo (RPS),18-Jul-01
Sri Lanka,won,6 runs,0,won,1st,v India,Colombo (RPS),22-Jul-01
Sri Lanka,won,5 wickets,9,lost,2nd,v New Zealand,Colombo (RPS),25-Jul-01
Sri Lanka,lost,7 wickets,26,won,1st,v India,Colombo (RPS),28-Jul-01
Sri Lanka,won,106 runs,0,lost,1st,v New Zealand,Colombo (SSC),31-Jul-01
Sri Lanka,lost,46 runs,0,won,2nd,v India,Colombo (SSC),1-Aug-01
Sri Lanka,won,121 runs,0,won,1st,v India,Colombo (RPS),5-Aug-01
Sri Lanka,won,63 runs,0,won,1st,v Zimbabwe,Sharjah,26-Oct-01
Sri Lanka,won,7 wickets,71,lost,2nd,v Pakistan,Sharjah,27-Oct-01
Sri Lanka,won,79 runs,0,won,1st,v Zimbabwe,Sharjah,30-Oct-01
Sri Lanka,lost,7 wickets,4,won,1st,v Pakistan,Sharjah,2-Nov-01
Sri Lanka,lost,5 wickets,38,won,1st,v Pakistan,Sharjah,4-Nov-01
Sri Lanka,won,9 wickets,274,won,2nd,v Zimbabwe,Colombo (SSC),8-Dec-01
Sri Lanka,lost,49 runs,0,lost,2nd,v West Indies,Colombo (RPS),11-Dec-01
Sri Lanka,won,59 runs,0,won,1st,v Zimbabwe,Colombo (RPS),12-Dec-01
Sri Lanka,won,8 wickets,41,won,2nd,v West Indies,Kandy,15-Dec-01
Sri Lanka,won,34 runs,0,won,1st,v West Indies,Colombo (RPS),19-Dec-01
Sri Lanka,won,41 runs,0,won,1st,v Pakistan,Sharjah,8-Apr-02
Sri Lanka,lost,11 runs,0,lost,2nd,v New Zealand,Sharjah,9-Apr-02
Sri Lanka,won,9 runs,0,won,1st,v Pakistan,Sharjah,12-Apr-02
Sri Lanka,won,46 runs,0,won,1st,v New Zealand,Sharjah,14-Apr-02
Sri Lanka,lost,217 runs,0,lost,2nd,v Pakistan,Sharjah,17-Apr-02
Sri Lanka,lost,44 runs,0,lost,2nd,v England,Nottingham,27-Jun-02
Sri Lanka,lost,4 wickets,28,won,1st,v India,The Oval,30-Jun-02
Sri Lanka,lost,3 wickets,4,lost,1st,v England,Leeds,2-Jul-02
Sri Lanka,lost,4 wickets,11,lost,1st,v India,Birmingham,6-Jul-02
Sri Lanka,won,23 runs,0,won,1st,v England,Manchester,7-Jul-02
Sri Lanka,lost,63 runs,0,lost,2nd,v India,Bristol,11-Jul-02
Sri Lanka,won,5 wickets,32,lost,2nd,v Bangladesh,Colombo (SSC),4-Aug-02
Sri Lanka,won,8 wickets,206,lost,2nd,v Bangladesh,Colombo (SSC),5-Aug-02
Sri Lanka,won,58 runs,0,lost,1st,v Bangladesh,Colombo (RPS),7-Aug-02
Sri Lanka,lost,28 runs,0,won,2nd,v Pakistan,Tangier,14-Aug-02
Sri Lanka,won,93 runs,0,won,1st,v South Africa,Tangier,15-Aug-02
Sri Lanka,won,39 runs,0,won,1st,v Pakistan,Tangier,17-Aug-02
Sri Lanka,won,6 wickets,47,lost,2nd,v South Africa,Tangier,19-Aug-02
Sri Lanka,won,27 runs,0,won,1st,v South Africa,Tangier,21-Aug-02
Sri Lanka,won,8 wickets,83,lost,2nd,v Pakistan,Colombo (RPS),12-Sep-02
Sri Lanka,won,206 runs,0,won,1st,v Netherlands,Colombo (RPS),16-Sep-02
Sri Lanka,won,7 wickets,60,lost,2nd,v Australia,Colombo (RPS),27-Sep-02
Sri Lanka,n/r,-,0,won,1st,v India,Colombo (RPS),29-Sep-02
Sri Lanka,n/r,-,0,won,1st,v India,Colombo (RPS),30-Sep-02
Sri Lanka,lost,6 wickets,123,lost,1st,v South Africa,Johannesburg,27-Nov-02
Sri Lanka,lost,177 runs,0,lost,2nd,v South Africa,Centurion,29-Nov-02
Sri Lanka,won,7 wickets,50,won,2nd,v South Africa,Benoni,1-Dec-02
Sri Lanka,lost,8 wickets,115,lost,1st,v South Africa,Kimberley,4-Dec-02
Sri Lanka,lost,6 wickets,29,won,1st,v South Africa,Bloemfontein,6-Dec-02
Sri Lanka,lost,43 runs,0,lost,2nd,v England,Brisbane,17-Dec-02
Sri Lanka,lost,95 runs,0,lost,2nd,v England,Perth,20-Dec-02
Sri Lanka,lost,142 runs,0,lost,2nd,v Australia,Perth,22-Dec-02
Sri Lanka,won,79 runs,0,lost,1st,v Australia,Sydney,9-Jan-03
Sri Lanka,won,31 runs,0,won,1st,v England,Sydney,13-Jan-03
Sri Lanka,lost,4 wickets,7,won,1st,v Australia,Brisbane,15-Jan-03
Sri Lanka,lost,19 runs,0,lost,2nd,v England,Adelaide,17-Jan-03
Sri Lanka,lost,9 wickets,93,won,1st,v Australia,Melbourne,21-Jan-03
Sri Lanka,won,47 runs,0,lost,1st,v New Zealand,Bloemfontein,10-Feb-03
Sri Lanka,won,10 wickets,173,won,2nd,v Bangladesh,Pietermaritzburg,14-Feb-03
Sri Lanka,won,9 wickets,272,won,2nd,v Canada,Paarl,19-Feb-03
Sri Lanka,lost,53 runs,0,won,2nd,v Kenya,Nairobi (Gym),24-Feb-03
Sri Lanka,won,6 runs,0,won,1st,v West Indies,Cape Town,28-Feb-03
Sri Lanka,tied,-,0,won,1st,v South Africa,Durban,3-Mar-03
Sri Lanka,lost,96 runs,0,lost,2nd,v Australia,Centurion,7-Mar-03
Sri Lanka,lost,183 runs,0,won,2nd,v India,Johannesburg,10-Mar-03
Sri Lanka,won,74 runs,0,won,1st,v Zimbabwe,East London,15-Mar-03
Sri Lanka,lost,48 runs,0,lost,2nd,v Australia,Gqeberha,18-Mar-03
Sri Lanka,lost,7 wickets,16,won,1st,v Pakistan,Sharjah,4-Apr-03
Sri Lanka,won,129 runs,0,won,1st,v Kenya,Sharjah,6-Apr-03
Sri Lanka,lost,4 wickets,8,won,1st,v Zimbabwe,Sharjah,7-Apr-03
Sri Lanka,lost,79 runs,0,won,2nd,v Pakistan,Dambulla,10-May-03
Sri Lanka,won,5 wickets,14,won,2nd,v New Zealand,Dambulla,13-May-03
Sri Lanka,won,12 runs,0,lost,1st,v Pakistan,Dambulla,18-May-03
Sri Lanka,lost,9 runs,0,won,2nd,v New Zealand,Dambulla,19-May-03
Sri Lanka,won,55 runs,0,lost,1st,v West Indies,Bridgetown,7-Jun-03
Sri Lanka,won,4 wickets,3,lost,2nd,v West Indies,Bridgetown,8-Jun-03
Sri Lanka,lost,6 wickets,31,lost,1st,v West Indies,Kingstown,11-Jun-03
Sri Lanka,won,10 wickets,217,lost,2nd,v England,Dambulla,18-Nov-03
Sri Lanka,aban,-,0,-,-,v England,Colombo (RPS),21-Nov-03
Sri Lanka,aban,-,0,-,-,v England,Colombo (RPS),23-Nov-03
Sri Lanka,lost,84 runs,0,lost,2nd,v Australia,Dambulla,20-Feb-04
Sri Lanka,won,1 runs,0,won,1st,v Australia,Dambulla,22-Feb-04
Sri Lanka,lost,5 wickets,9,won,1st,v Australia,Colombo (RPS),25-Feb-04
Sri Lanka,lost,40 runs,0,lost,2nd,v Australia,Colombo (RPS),27-Feb-04
Sri Lanka,won,3 wickets,13,lost,2nd,v Australia,Colombo (SSC),29-Feb-04
Sri Lanka,won,12 runs,0,won,2nd,v Zimbabwe,Bulawayo,20-Apr-04
Sri Lanka,won,9 wickets,175,won,2nd,v Zimbabwe,Bulawayo,22-Apr-04
Sri Lanka,won,9 wickets,244,won,2nd,v Zimbabwe,Harare,25-Apr-04
Sri Lanka,won,72 runs,0,lost,1st,v Zimbabwe,Harare,27-Apr-04
Sri Lanka,won,25 runs,0,won,1st,v Zimbabwe,Harare,29-Apr-04
Sri Lanka,won,116 runs,0,won,1st,v U.A.E.,Dambulla,17-Jul-04
Sri Lanka,won,12 runs,0,won,1st,v India,Dambulla,18-Jul-04
Sri Lanka,won,7 wickets,108,lost,2nd,v Pakistan,Colombo (RPS),21-Jul-04
Sri Lanka,won,10 wickets,99,lost,2nd,v Bangladesh,Colombo (RPS),23-Jul-04
Sri Lanka,lost,4 runs,0,lost,2nd,v India,Colombo (RPS),27-Jul-04
Sri Lanka,won,25 runs,0,won,1st,v India,Colombo (RPS),1-Aug-04
Sri Lanka,won,3 wickets,6,lost,2nd,v South Africa,Colombo (RPS),20-Aug-04
Sri Lanka,won,37 runs,0,won,1st,v South Africa,Colombo (RPS),22-Aug-04
Sri Lanka,won,4 wickets,14,lost,2nd,v South Africa,Dambulla,25-Aug-04
Sri Lanka,won,7 wickets,23,won,2nd,v South Africa,Dambulla,28-Aug-04
Sri Lanka,won,49 runs,0,lost,1st,v South Africa,Colombo (SSC),31-Aug-04
Sri Lanka,won,4 wickets,37,won,2nd,v Zimbabwe,The Oval,14-Sep-04
Sri Lanka,lost,49 runs,0,won,2nd,v England,Southampton,17-Sep-04
Sri Lanka,lost,8 wickets,8,won,1st,v Pakistan,Karachi,6-Oct-04
Sri Lanka,won,7 wickets,191,won,2nd,v Zimbabwe,Rawalpindi,9-Oct-04
Sri Lanka,aban,-,0,-,-,v Zimbabwe,Rawalpindi,11-Oct-04
Sri Lanka,lost,6 wickets,7,lost,1st,v Pakistan,Lahore,14-Oct-04
Sri Lanka,won,119 runs,0,lost,1st,v Pakistan,Lahore,16-Oct-04
Sri Lanka,lost,7 wickets,102,lost,1st,v New Zealand,Auckland,26-Dec-04
Sri Lanka,canc,-,0,-,-,v New Zealand,Napier,29-Dec-04
Sri Lanka,canc,-,0,-,-,v New Zealand,Queenstown,2-Jan-05
Sri Lanka,canc,-,0,-,-,v New Zealand,Christchurch,4-Jan-05
Sri Lanka,canc,-,0,-,-,v New Zealand,Wellington,8-Jan-05
Sri Lanka,won,3 wickets,10,lost,2nd,v India,Dambulla,30-Jul-05
Sri Lanka,won,50 runs,0,won,1st,v West Indies,Dambulla,2-Aug-05
Sri Lanka,won,4 wickets,12,lost,2nd,v India,Dambulla,3-Aug-05
Sri Lanka,lost,33 runs,0,lost,2nd,v West Indies,Colombo (RPS),6-Aug-05
Sri Lanka,won,18 runs,0,won,1st,v India,Colombo (RPS),9-Aug-05
Sri Lanka,won,88 runs,0,lost,1st,v Bangladesh,Colombo (SSC),31-Aug-05
Sri Lanka,won,75 runs,0,lost,1st,v Bangladesh,Colombo (RPS),2-Sep-05
Sri Lanka,won,6 wickets,148,won,2nd,v Bangladesh,Colombo (RPS),4-Sep-05
Sri Lanka,lost,152 runs,0,lost,2nd,v India,Nagpur,25-Oct-05
Sri Lanka,lost,8 wickets,178,lost,1st,v India,Mohali,28-Oct-05
Sri Lanka,lost,6 wickets,23,won,1st,v India,Jaipur,31-Oct-05
Sri Lanka,lost,4 wickets,26,lost,1st,v India,Pune,3-Nov-05
Sri Lanka,won,5 wickets,14,won,2nd,v India,Ahmedabad,6-Nov-05
Sri Lanka,lost,7 wickets,91,lost,1st,v India,Rajkot,9-Nov-05
Sri Lanka,lost,5 wickets,63,won,1st,v India,Vadodara,12-Nov-05
Sri Lanka,lost,7 wickets,76,lost,1st,v New Zealand,Queenstown,31-Dec-05
Sri Lanka,lost,5 wickets,12,lost,1st,v New Zealand,Christchurch,3-Jan-06
Sri Lanka,lost,21 runs,0,lost,2nd,v New Zealand,Wellington,6-Jan-06
Sri Lanka,won,20 runs,0,won,1st,v New Zealand,Napier,8-Jan-06
Sri Lanka,lost,116 runs,0,won,2nd,v Australia,Melbourne (Docklands),13-Jan-06
Sri Lanka,won,94 runs,0,lost,1st,v South Africa,Brisbane,17-Jan-06
Sri Lanka,won,51 runs,0,won,1st,v Australia,Sydney,22-Jan-06
Sri Lanka,lost,9 runs,0,lost,2nd,v South Africa,Adelaide,24-Jan-06
Sri Lanka,lost,5 wickets,9,won,1st,v Australia,Adelaide,26-Jan-06
Sri Lanka,lost,6 wickets,54,won,1st,v Australia,Perth,29-Jan-06
Sri Lanka,lost,5 wickets,29,won,1st,v South Africa,Perth,31-Jan-06
Sri Lanka,won,76 runs,0,won,1st,v South Africa,Hobart,7-Feb-06
Sri Lanka,won,22 runs,0,won,1st,v Australia,Adelaide,10-Feb-06
Sri Lanka,lost,167 runs,0,lost,2nd,v Australia,Sydney,12-Feb-06
Sri Lanka,lost,9 wickets,27,won,1st,v Australia,Brisbane,14-Feb-06
Sri Lanka,won,5 wickets,155,lost,2nd,v Bangladesh,Bogra,20-Feb-06
Sri Lanka,lost,4 wickets,12,lost,1st,v Bangladesh,Bogra,22-Feb-06
Sri Lanka,won,78 runs,0,lost,1st,v Bangladesh,Chattogram,25-Feb-06
Sri Lanka,n/r,-,0,won,2nd,v Pakistan,Colombo (RPS),17-Mar-06
Sri Lanka,lost,4 wickets,32,lost,1st,v Pakistan,Colombo (RPS),19-Mar-06
Sri Lanka,lost,4 wickets,28,lost,1st,v Pakistan,Colombo (SSC),22-Mar-06
Sri Lanka,won,20 runs,0,lost,1st,v England,Lord's,17-Jun-06
Sri Lanka,won,46 runs,0,won,1st,v England,The Oval,20-Jun-06
Sri Lanka,won,8 wickets,46,lost,2nd,v England,Chester-le-Street,24-Jun-06
Sri Lanka,won,33 runs,0,won,1st,v England,Manchester,28-Jun-06
Sri Lanka,won,8 wickets,75,lost,2nd,v England,Leeds,1-Jul-06
Sri Lanka,won,195 runs,0,won,1st,v Netherlands,Amstelveen,4-Jul-06
Sri Lanka,won,55 runs,0,won,1st,v Netherlands,Amstelveen,6-Jul-06
Sri Lanka,aban,-,0,-,-,v South Africa,Colombo (RPS),14-Aug-06
Sri Lanka,aban,-,0,-,-,v India,Colombo (RPS),16-Aug-06
Sri Lanka,n/r,-,0,lost,2nd,v India,Colombo (SSC),18-Aug-06
Sri Lanka,aban,-,0,-,-,v India,Colombo (SSC),20-Aug-06
Sri Lanka,canc,-,0,-,-,v South Africa,Colombo (SSC),21-Aug-06
Sri Lanka,canc,-,0,-,-,v India,Colombo (SSC),22-Aug-06
Sri Lanka,canc,-,0,-,-,v India,Colombo (RPS),24-Aug-06
Sri Lanka,canc,-,0,-,-,v South Africa,Colombo (RPS),29-Aug-06
Sri Lanka,won,37 runs,0,lost,1st,v Bangladesh,Mohali,7-Oct-06
Sri Lanka,won,144 runs,0,won,1st,v Zimbabwe,Ahmedabad,10-Oct-06
Sri Lanka,won,9 wickets,220,lost,2nd,v West Indies,Brabourne,14-Oct-06
Sri Lanka,lost,4 wickets,11,won,1st,v Pakistan,Jaipur,17-Oct-06
Sri Lanka,won,7 wickets,84,lost,2nd,v New Zealand,Brabourne,20-Oct-06
Sri Lanka,lost,78 runs,0,won,2nd,v South Africa,Ahmedabad,24-Oct-06
Sri Lanka,won,7 wickets,60,lost,2nd,v New Zealand,Napier,28-Dec-06
Sri Lanka,lost,1 wickets,0,lost,1st,v New Zealand,Queenstown,31-Dec-06
Sri Lanka,lost,4 wickets,129,lost,1st,v New Zealand,Christchurch,2-Jan-07
Sri Lanka,won,189 runs,0,won,1st,v New Zealand,Auckland,6-Jan-07
Sri Lanka,n/r,-,0,lost,1st,v New Zealand,Hamilton,9-Jan-07
Sri Lanka,n/r,-,0,lost,1st,v India,Eden Gardens,8-Feb-07
Sri Lanka,won,5 runs,0,lost,1st,v India,Rajkot,11-Feb-07
Sri Lanka,lost,5 wickets,21,won,1st,v India,Margao,14-Feb-07
Sri Lanka,lost,7 wickets,36,lost,1st,v India,Visakhapatnam,17-Feb-07
Sri Lanka,won,243 runs,0,won,1st,v Bermuda,Port of Spain,15-Mar-07
Sri Lanka,won,198 runs,0,lost,1st,v Bangladesh,Port of Spain,21-Mar-07
Sri Lanka,won,69 runs,0,lost,1st,v India,Port of Spain,23-Mar-07
Sri Lanka,lost,1 wickets,10,won,1st,v South Africa,Providence,28-Mar-07
Sri Lanka,won,113 runs,0,lost,1st,v West Indies,Providence,1-Apr-07
Sri Lanka,won,2 runs,0,lost,1st,v England,North Sound,4-Apr-07
Sri Lanka,won,6 wickets,29,lost,2nd,v New Zealand,St George's,12-Apr-07
Sri Lanka,lost,7 wickets,44,won,1st,v Australia,St George's,16-Apr-07
Sri Lanka,won,8 wickets,240,won,2nd,v Ireland,St George's,18-Apr-07
Sri Lanka,won,81 runs,0,won,1st,v New Zealand,Kingston,24-Apr-07
Sri Lanka,lost,53 runs,0,lost,2nd,v Australia,Bridgetown,28-Apr-07
Sri Lanka,lost,5 wickets,48,won,1st,v Pakistan,Abu Dhabi,18-May-07
Sri Lanka,lost,98 runs,0,lost,2nd,v Pakistan,Abu Dhabi,20-May-07
Sri Lanka,won,115 runs,0,won,1st,v Pakistan,Abu Dhabi,22-May-07
Sri Lanka,won,70 runs,0,lost,1st,v Bangladesh,Colombo (PSS),20-Jul-07
Sri Lanka,won,5 wickets,113,won,2nd,v Bangladesh,Colombo (RPS),23-Jul-07
Sri Lanka,won,39 runs,0,lost,1st,v Bangladesh,Colombo (RPS),25-Jul-07
Sri Lanka,won,119 runs,0,won,1st,v England,Dambulla,1-Oct-07
Sri Lanka,lost,65 runs,0,lost,2nd,v England,Dambulla,4-Oct-07
Sri Lanka,lost,2 wickets,7,won,1st,v England,Dambulla,7-Oct-07
Sri Lanka,lost,5 wickets,19,won,1st,v England,Colombo (RPS),10-Oct-07
Sri Lanka,won,107 runs,0,won,1st,v England,Colombo (RPS),13-Oct-07
Sri Lanka,n/r,-,0,lost,2nd,v India,Brisbane,5-Feb-08
Sri Lanka,lost,128 runs,0,lost,2nd,v Australia,Sydney,8-Feb-08
Sri Lanka,won,8 wickets,12,won,2nd,v India,Canberra,12-Feb-08
Sri Lanka,lost,63 runs,0,lost,2nd,v Australia,Perth,15-Feb-08
Sri Lanka,lost,2 wickets,5,won,1st,v India,Adelaide,19-Feb-08
Sri Lanka,lost,24 runs,0,won,2nd,v Australia,Melbourne,22-Feb-08
Sri Lanka,lost,7 wickets,106,lost,1st,v India,Hobart,26-Feb-08
Sri Lanka,won,13 runs,0,won,1st,v Australia,Melbourne,29-Feb-08
Sri Lanka,lost,1 wickets,0,lost,1st,v West Indies,Port of Spain,10-Apr-08
Sri Lanka,lost,7 wickets,27,lost,1st,v West Indies,Port of Spain,12-Apr-08
Sri Lanka,n/r,-,0,lost,1st,v West Indies,Gros Islet,15-Apr-08
Sri Lanka,won,131 runs,0,lost,1st,v Bangladesh,Lahore,25-Jun-08
Sri Lanka,won,142 runs,0,won,1st,v U.A.E.,Lahore,26-Jun-08
Sri Lanka,won,64 runs,0,lost,1st,v Pakistan,Karachi,29-Jun-08
Sri Lanka,won,158 runs,0,won,1st,v Bangladesh,Karachi,30-Jun-08
Sri Lanka,lost,6 wickets,19,won,1st,v India,Karachi,3-Jul-08
Sri Lanka,won,100 runs,0,lost,1st,v India,Karachi,6-Jul-08
Sri Lanka,won,8 wickets,91,lost,2nd,v India,Dambulla,18-Aug-08
Sri Lanka,lost,3 wickets,62,lost,1st,v India,Dambulla,20-Aug-08
Sri Lanka,lost,33 runs,0,lost,2nd,v India,Colombo (RPS),24-Aug-08
Sri Lanka,aban,-,0,-,-,v India,Colombo (RPS),26-Aug-08
Sri Lanka,lost,46 runs,0,lost,2nd,v India,Colombo (RPS),27-Aug-08
Sri Lanka,won,112 runs,0,won,1st,v India,Colombo (RPS),29-Aug-08
Sri Lanka,won,6 wickets,100,won,2nd,v Zimbabwe,Harare,20-Nov-08
Sri Lanka,won,9 wickets,194,lost,2nd,v Zimbabwe,Harare,22-Nov-08
Sri Lanka,won,5 runs,0,lost,1st,v Zimbabwe,Harare,24-Nov-08
Sri Lanka,won,2 wickets,15,won,2nd,v Zimbabwe,Harare,28-Nov-08
Sri Lanka,won,19 runs,0,lost,1st,v Zimbabwe,Harare,30-Nov-08
Sri Lanka,won,130 runs,0,lost,1st,v Zimbabwe,Mirpur,12-Jan-09
Sri Lanka,lost,5 wickets,43,lost,1st,v Bangladesh,Mirpur,14-Jan-09
Sri Lanka,won,2 wickets,11,won,2nd,v Bangladesh,Mirpur,16-Jan-09
Sri Lanka,lost,8 wickets,25,won,1st,v Pakistan,Karachi,20-Jan-09
Sri Lanka,won,129 runs,0,lost,1st,v Pakistan,Karachi,21-Jan-09
Sri Lanka,won,234 runs,0,won,1st,v Pakistan,Lahore,24-Jan-09
Sri Lanka,lost,6 wickets,11,lost,1st,v India,Dambulla,28-Jan-09
Sri Lanka,lost,15 runs,0,lost,2nd,v India,Colombo (RPS),31-Jan-09
Sri Lanka,lost,147 runs,0,lost,2nd,v India,Colombo (RPS),3-Feb-09
Sri Lanka,lost,67 runs,0,lost,2nd,v India,Colombo (RPS),5-Feb-09
Sri Lanka,won,68 runs,0,won,1st,v India,Colombo (RPS),8-Feb-09
Sri Lanka,won,36 runs,0,lost,1st,v Pakistan,Dambulla,30-Jul-09
Sri Lanka,won,6 wickets,38,won,2nd,v Pakistan,Dambulla,1-Aug-09
Sri Lanka,won,6 wickets,21,won,2nd,v Pakistan,Dambulla,3-Aug-09
Sri Lanka,lost,146 runs,0,lost,2nd,v Pakistan,Colombo (RPS),7-Aug-09
Sri Lanka,lost,132 runs,0,lost,2nd,v Pakistan,Colombo (RPS),9-Aug-09
Sri Lanka,won,97 runs,0,won,1st,v New Zealand,Colombo (RPS),8-Sep-09
Sri Lanka,won,139 runs,0,won,1st,v India,Colombo (RPS),12-Sep-09
Sri Lanka,lost,46 runs,0,lost,2nd,v India,Colombo (RPS),14-Sep-09
Sri Lanka,won,55 runs,0,lost,1st,v South Africa,Centurion,22-Sep-09
Sri Lanka,lost,6 wickets,30,lost,1st,v England,Johannesburg,25-Sep-09
Sri Lanka,lost,38 runs,0,won,2nd,v New Zealand,Johannesburg,27-Sep-09
Sri Lanka,lost,3 runs,0,won,2nd,v India,Rajkot,15-Dec-09
Sri Lanka,won,3 wickets,5,lost,2nd,v India,Nagpur,18-Dec-09
Sri Lanka,lost,7 wickets,45,won,1st,v India,Cuttack,21-Dec-09
Sri Lanka,lost,7 wickets,11,won,1st,v India,Eden Gardens,24-Dec-09
Sri Lanka,n/r,-,0,lost,1st,v India,Delhi,27-Dec-09
Sri Lanka,won,7 wickets,31,won,2nd,v Bangladesh,Mirpur,4-Jan-10
Sri Lanka,won,5 wickets,12,won,2nd,v India,Mirpur,5-Jan-10
Sri Lanka,won,9 wickets,43,won,2nd,v Bangladesh,Mirpur,8-Jan-10
Sri Lanka,lost,8 wickets,104,won,1st,v India,Mirpur,10-Jan-10
Sri Lanka,won,4 wickets,9,won,2nd,v India,Mirpur,13-Jan-10
Sri Lanka,lost,7 wickets,39,lost,1st,v India,Bulawayo,30-May-10
Sri Lanka,won,9 wickets,64,won,2nd,v Zimbabwe,Bulawayo,1-Jun-10
Sri Lanka,won,6 wickets,10,won,2nd,v India,Harare,5-Jun-10
Sri Lanka,lost,8 wickets,13,lost,1st,v Zimbabwe,Harare,7-Jun-10
Sri Lanka,won,9 wickets,92,won,2nd,v Zimbabwe,Harare,9-Jun-10
Sri Lanka,won,16 runs,0,won,1st,v Pakistan,Dambulla,15-Jun-10
Sri Lanka,won,126 runs,0,won,1st,v Bangladesh,Dambulla,18-Jun-10
Sri Lanka,won,7 wickets,75,won,2nd,v India,Dambulla,22-Jun-10
Sri Lanka,lost,81 runs,0,lost,2nd,v India,Dambulla,24-Jun-10
Sri Lanka,won,3 wickets,55,lost,2nd,v New Zealand,Dambulla,13-Aug-10
Sri Lanka,lost,6 wickets,93,won,1st,v India,Dambulla,16-Aug-10
Sri Lanka,n/r,-,0,lost,1st,v New Zealand,Dambulla,19-Aug-10
Sri Lanka,won,8 wickets,209,lost,2nd,v India,Dambulla,22-Aug-10
Sri Lanka,won,74 runs,0,won,1st,v India,Dambulla,28-Aug-10
Sri Lanka,won,1 wickets,34,lost,2nd,v Australia,Melbourne,3-Nov-10
Sri Lanka,won,29 runs,0,won,1st,v Australia,Sydney,5-Nov-10
Sri Lanka,lost,8 wickets,170,won,1st,v Australia,Brisbane,7-Nov-10
Sri Lanka,n/r,-,0,lost,2nd,v West Indies,Colombo (SSC),31-Jan-11
Sri Lanka,won,8 wickets,27,won,2nd,v West Indies,Colombo (SSC),3-Feb-11
Sri Lanka,won,26 runs,0,lost,1st,v West Indies,Colombo (SSC),6-Feb-11
Sri Lanka,won,210 runs,0,won,1st,v Canada,Hambantota,20-Feb-11
Sri Lanka,lost,11 runs,0,lost,2nd,v Pakistan,Colombo (RPS),26-Feb-11
Sri Lanka,won,9 wickets,188,lost,2nd,v Kenya,Colombo (RPS),1-Mar-11
Sri Lanka,n/r,-,0,won,1st,v Australia,Colombo (RPS),5-Mar-11
Sri Lanka,won,139 runs,0,lost,1st,v Zimbabwe,Pallekele,10-Mar-11
Sri Lanka,won,112 runs,0,won,1st,v New Zealand,Wankhede,18-Mar-11
Sri Lanka,won,10 wickets,63,lost,2nd,v England,Colombo (RPS),26-Mar-11
Sri Lanka,won,5 wickets,13,lost,2nd,v New Zealand,Colombo (RPS),29-Mar-11
Sri Lanka,lost,6 wickets,10,won,1st,v India,Wankhede,2-Apr-11
Sri Lanka,lost,110 runs,0,won,2nd,v England,The Oval,28-Jun-11
Sri Lanka,won,69 runs,0,lost,1st,v England,Leeds,1-Jul-11
Sri Lanka,won,6 wickets,10,lost,2nd,v England,Lord's,3-Jul-11
Sri Lanka,lost,10 wickets,145,lost,1st,v England,Nottingham,6-Jul-11
Sri Lanka,lost,16 runs,0,lost,2nd,v England,Manchester,9-Jul-11
Sri Lanka,aban,-,0,-,-,v Ireland,Edinburgh,11-Jul-11
Sri Lanka,won,183 runs,0,lost,1st,v Scotland,Edinburgh,13-Jul-11
Sri Lanka,lost,7 wickets,71,won,1st,v Australia,Pallekele,10-Aug-11
Sri Lanka,lost,8 wickets,70,won,1st,v Australia,Hambantota,14-Aug-11
Sri Lanka,won,78 runs,0,lost,1st,v Australia,Hambantota,16-Aug-11
Sri Lanka,lost,5 wickets,132,won,1st,v Australia,Colombo (RPS),20-Aug-11
Sri Lanka,won,4 wickets,18,won,2nd,v Australia,Colombo (RPS),22-Aug-11
Sri Lanka,lost,8 wickets,169,won,1st,v Pakistan,Dubai (DSC),11-Nov-11
Sri Lanka,won,25 runs,0,won,1st,v Pakistan,Dubai (DSC),14-Nov-11
Sri Lanka,lost,21 runs,0,lost,2nd,v Pakistan,Dubai (DSC),18-Nov-11
Sri Lanka,lost,26 runs,0,lost,2nd,v Pakistan,Sharjah,20-Nov-11
Sri Lanka,lost,3 wickets,16,won,1st,v Pakistan,Abu Dhabi,23-Nov-11
Sri Lanka,lost,258 runs,0,lost,2nd,v South Africa,Paarl,11-Jan-12
Sri Lanka,lost,5 wickets,8,lost,1st,v South Africa,East London,14-Jan-12
Sri Lanka,lost,4 runs,0,won,1st,v South Africa,Bloemfontein,17-Jan-12
Sri Lanka,won,5 wickets,8,lost,2nd,v South Africa,Kimberley,20-Jan-12
Sri Lanka,won,2 wickets,1,won,2nd,v South Africa,Johannesburg,22-Jan-12
Sri Lanka,lost,4 wickets,20,won,1st,v India,Perth,8-Feb-12
Sri Lanka,lost,5 runs,0,won,2nd,v Australia,Perth,10-Feb-12
Sri Lanka,tied,-,0,won,1st,v India,Adelaide,14-Feb-12
Sri Lanka,won,8 wickets,101,lost,2nd,v Australia,Sydney,17-Feb-12
Sri Lanka,won,51 runs,0,won,1st,v India,Brisbane,21-Feb-12
Sri Lanka,won,3 wickets,4,lost,2nd,v Australia,Hobart,24-Feb-12
Sri Lanka,lost,7 wickets,80,lost,1st,v India,Hobart,28-Feb-12
Sri Lanka,won,9 runs,0,won,1st,v Australia,Melbourne,2-Mar-12
Sri Lanka,lost,15 runs,0,lost,2nd,v Australia,Brisbane,4-Mar-12
Sri Lanka,won,8 wickets,34,lost,2nd,v Australia,Adelaide,6-Mar-12
Sri Lanka,lost,16 runs,0,won,2nd,v Australia,Adelaide,8-Mar-12
Sri Lanka,lost,50 runs,0,won,2nd,v India,Mirpur,13-Mar-12
Sri Lanka,lost,6 wickets,61,won,1st,v Pakistan,Mirpur,15-Mar-12
Sri Lanka,lost,5 wickets,17,lost,1st,v Bangladesh,Mirpur,20-Mar-12
Sri Lanka,lost,6 wickets,47,won,1st,v Pakistan,Pallekele,7-Jun-12
Sri Lanka,won,76 runs,0,won,1st,v Pakistan,Pallekele,9-Jun-12
Sri Lanka,n/r,-,0,lost,2nd,v Pakistan,Colombo (RPS),13-Jun-12
Sri Lanka,won,44 runs,0,won,1st,v Pakistan,Colombo (RPS),16-Jun-12
Sri Lanka,won,2 wickets,2,lost,2nd,v Pakistan,Colombo (RPS),18-Jun-12
Sri Lanka,lost,21 runs,0,lost,2nd,v India,Hambantota,21-Jul-12
Sri Lanka,won,9 wickets,181,lost,2nd,v India,Hambantota,24-Jul-12
Sri Lanka,lost,5 wickets,2,won,1st,v India,Colombo (RPS),28-Jul-12
Sri Lanka,lost,6 wickets,46,won,1st,v India,Colombo (RPS),31-Jul-12
Sri Lanka,lost,20 runs,0,lost,2nd,v India,Pallekele,4-Aug-12
Sri Lanka,aban,-,0,-,-,v New Zealand,Pallekele,1-Nov-12
Sri Lanka,won,14 runs,0,lost,2nd,v New Zealand,Pallekele,4-Nov-12
Sri Lanka,won,7 wickets,11,won,2nd,v New Zealand,Pallekele,6-Nov-12
Sri Lanka,won,7 wickets,34,won,2nd,v New Zealand,Hambantota,10-Nov-12
Sri Lanka,n/r,-,0,lost,1st,v New Zealand,Hambantota,12-Nov-12
Sri Lanka,lost,107 runs,0,lost,2nd,v Australia,Melbourne,11-Jan-13
Sri Lanka,won,8 wickets,59,won,2nd,v Australia,Adelaide,13-Jan-13
Sri Lanka,won,4 wickets,180,lost,2nd,v Australia,Brisbane,18-Jan-13
Sri Lanka,n/r,-,0,lost,2nd,v Australia,Sydney,20-Jan-13
Sri Lanka,lost,32 runs,0,won,2nd,v Australia,Hobart,23-Jan-13
Sri Lanka,won,8 wickets,32,won,2nd,v Bangladesh,Hambantota,23-Mar-13
Sri Lanka,n/r,-,0,lost,1st,v Bangladesh,Hambantota,25-Mar-13
Sri Lanka,lost,3 wickets,6,won,1st,v Bangladesh,Pallekele,28-Mar-13
Sri Lanka,lost,1 wickets,81,won,1st,v New Zealand,Cardiff,9-Jun-13
Sri Lanka,won,7 wickets,17,won,2nd,v England,The Oval,13-Jun-13
Sri Lanka,won,20 runs,0,lost,1st,v Australia,The Oval,17-Jun-13
Sri Lanka,lost,8 wickets,90,lost,1st,v India,Cardiff,20-Jun-13
Sri Lanka,lost,6 wickets,73,lost,1st,v West Indies,Kingston,28-Jun-13
Sri Lanka,won,161 runs,0,lost,1st,v India,Kingston,2-Jul-13
Sri Lanka,won,39 runs,0,lost,1st,v West Indies,Port of Spain,7-Jul-13
Sri Lanka,lost,81 runs,0,won,2nd,v India,Port of Spain,9-Jul-13
Sri Lanka,lost,1 wickets,2,lost,1st,v India,Port of Spain,11-Jul-13
Sri Lanka,won,180 runs,0,lost,1st,v South Africa,Colombo (RPS),20-Jul-13
Sri Lanka,won,17 runs,0,won,1st,v South Africa,Colombo (RPS),23-Jul-13
Sri Lanka,lost,56 runs,0,lost,2nd,v South Africa,Pallekele,26-Jul-13
Sri Lanka,won,8 wickets,36,lost,2nd,v South Africa,Pallekele,28-Jul-13
Sri Lanka,won,128 runs,0,won,1st,v South Africa,Colombo (RPS),31-Jul-13
Sri Lanka,n/r,-,0,lost,1st,v New Zealand,Hambantota,10-Nov-13
Sri Lanka,lost,4 wickets,0,won,1st,v New Zealand,Hambantota,12-Nov-13
Sri Lanka,won,36 runs,0,lost,1st,v New Zealand,Dambulla,16-Nov-13
Sri Lanka,lost,11 runs,0,lost,2nd,v Pakistan,Sharjah,18-Dec-13
Sri Lanka,won,2 wickets,2,won,2nd,v Pakistan,Dubai (DSC),20-Dec-13
Sri Lanka,lost,113 runs,0,won,2nd,v Pakistan,Sharjah,22-Dec-13
Sri Lanka,lost,8 wickets,53,won,1st,v Pakistan,Abu Dhabi,25-Dec-13
Sri Lanka,won,2 wickets,2,lost,2nd,v Pakistan,Abu Dhabi,27-Dec-13
Sri Lanka,won,13 runs,0,lost,1st,v Bangladesh,Mirpur,17-Feb-14
Sri Lanka,won,61 runs,0,won,1st,v Bangladesh,Mirpur,20-Feb-14
Sri Lanka,won,6 wickets,15,won,2nd,v Bangladesh,Mirpur,22-Feb-14
Sri Lanka,won,12 runs,0,won,1st,v Pakistan,Fatullah,25-Feb-14
Sri Lanka,won,2 wickets,4,won,2nd,v India,Fatullah,28-Feb-14
Sri Lanka,won,129 runs,0,won,1st,v Afghanistan,Mirpur,3-Mar-14
Sri Lanka,won,3 wickets,6,lost,2nd,v Bangladesh,Mirpur,6-Mar-14
Sri Lanka,won,5 wickets,22,lost,2nd,v Pakistan,Mirpur,8-Mar-14
Sri Lanka,won,79 runs,0,lost,1st,v Ireland,Dublin,6-May-14
Sri Lanka,aban,-,0,-,-,v Ireland,Dublin,8-May-14
Sri Lanka,lost,81 runs,0,won,2nd,v England,The Oval,22-May-14
Sri Lanka,won,157 runs,0,lost,1st,v England,Chester-le-Street,25-May-14
Sri Lanka,lost,10 wickets,227,lost,1st,v England,Manchester,28-May-14
Sri Lanka,won,7 runs,0,lost,1st,v England,Lord's,31-May-14
Sri Lanka,won,6 wickets,10,lost,2nd,v England,Birmingham,3-Jun-14
Sri Lanka,lost,75 runs,0,lost,2nd,v South Africa,Colombo (RPS),6-Jul-14
Sri Lanka,won,87 runs,0,won,1st,v South Africa,Pallekele,9-Jul-14
Sri Lanka,lost,82 runs,0,lost,2nd,v South Africa,Hambantota,12-Jul-14
Sri Lanka,lost,4 wickets,1,lost,1st,v Pakistan,Hambantota,23-Aug-14
Sri Lanka,won,77 runs,0,won,1st,v Pakistan,Hambantota,26-Aug-14
Sri Lanka,won,7 wickets,178,lost,2nd,v Pakistan,Dambulla,30-Aug-14
Sri Lanka,lost,169 runs,0,won,2nd,v India,Cuttack,2-Nov-14
Sri Lanka,lost,6 wickets,33,won,1st,v India,Ahmedabad,6-Nov-14
Sri Lanka,lost,6 wickets,35,won,1st,v India,Hyderabad,9-Nov-14
Sri Lanka,lost,153 runs,0,lost,2nd,v India,Eden Gardens,13-Nov-14
Sri Lanka,lost,3 wickets,8,won,1st,v India,Ranchi,16-Nov-14
Sri Lanka,won,25 runs,0,lost,1st,v England,Colombo (RPS),26-Nov-14
Sri Lanka,won,8 wickets,64,lost,2nd,v England,Colombo (RPS),29-Nov-14
Sri Lanka,lost,5 wickets,8,won,1st,v England,Hambantota,3-Dec-14
Sri Lanka,won,6 wickets,2,lost,2nd,v England,Colombo (RPS),7-Dec-14
Sri Lanka,lost,5 wickets,5,lost,1st,v England,Pallekele,10-Dec-14
Sri Lanka,won,90 runs,0,won,1st,v England,Pallekele,13-Dec-14
Sri Lanka,won,87 runs,0,won,1st,v England,Colombo (RPS),16-Dec-14
Sri Lanka,lost,3 wickets,42,won,1st,v New Zealand,Christchurch,11-Jan-15
Sri Lanka,won,6 wickets,14,lost,2nd,v New Zealand,Hamilton,15-Jan-15
Sri Lanka,n/r,-,0,won,2nd,v New Zealand,Auckland,17-Jan-15
Sri Lanka,lost,4 wickets,11,won,1st,v New Zealand,Nelson,20-Jan-15
Sri Lanka,lost,108 runs,0,won,2nd,v New Zealand,Dunedin,23-Jan-15
Sri Lanka,lost,120 runs,0,lost,2nd,v New Zealand,Dunedin,25-Jan-15
Sri Lanka,won,34 runs,0,won,1st,v New Zealand,Wellington,29-Jan-15
Sri Lanka,lost,98 runs,0,won,2nd,v New Zealand,Christchurch,14-Feb-15
Sri Lanka,won,4 wickets,10,won,2nd,v Afghanistan,Dunedin,22-Feb-15
Sri Lanka,won,92 runs,0,won,1st,v Bangladesh,Melbourne,26-Feb-15
Sri Lanka,won,9 wickets,16,lost,2nd,v England,Wellington,1-Mar-15
Sri Lanka,lost,64 runs,0,lost,2nd,v Australia,Sydney,8-Mar-15
Sri Lanka,won,148 runs,0,won,1st,v Scotland,Hobart,11-Mar-15
Sri Lanka,lost,9 wickets,192,won,1st,v South Africa,Sydney,18-Mar-15
Sri Lanka,lost,6 wickets,28,lost,1st,v Pakistan,Dambulla,11-Jul-15
Sri Lanka,won,2 wickets,11,lost,2nd,v Pakistan,Pallekele,15-Jul-15
Sri Lanka,lost,135 runs,0,lost,2nd,v Pakistan,Colombo (RPS),19-Jul-15
Sri Lanka,lost,7 wickets,55,won,1st,v Pakistan,Colombo (RPS),22-Jul-15
Sri Lanka,won,165 runs,0,won,1st,v Pakistan,Hambantota,26-Jul-15
Sri Lanka,won,1 wickets,7,won,2nd,v West Indies,Colombo (RPS),1-Nov-15
Sri Lanka,won,8 wickets,9,lost,2nd,v West Indies,Colombo (RPS),4-Nov-15
Sri Lanka,won,19 runs,0,won,2nd,v West Indies,Pallekele,7-Nov-15
Sri Lanka,lost,7 wickets,174,won,1st,v New Zealand,Christchurch,26-Dec-15
Sri Lanka,lost,10 wickets,250,won,1st,v New Zealand,Christchurch,28-Dec-15
Sri Lanka,won,8 wickets,22,lost,2nd,v New Zealand,Nelson,31-Dec-15
Sri Lanka,n/r,-,0,won,2nd,v New Zealand,Nelson,2-Jan-16
Sri Lanka,lost,36 runs,0,won,2nd,v New Zealand,Mount Maunganui,5-Jan-16
Sri Lanka,won,76 runs,0,lost,1st,v Ireland,Dublin (Malahide),16-Jun-16
Sri Lanka,won,136 runs,0,lost,1st,v Ireland,Dublin (Malahide),18-Jun-16
Sri Lanka,tied,-,0,lost,1st,v England,Nottingham,21-Jun-16
Sri Lanka,lost,10 wickets,95,won,1st,v England,Birmingham,24-Jun-16
Sri Lanka,n/r,-,0,lost,1st,v England,Bristol,26-Jun-16
Sri Lanka,lost,6 wickets,11,lost,1st,v England,The Oval,29-Jun-16
Sri Lanka,lost,122 runs,0,won,2nd,v England,Cardiff,2-Jul-16
Sri Lanka,lost,3 wickets,19,lost,1st,v Australia,Colombo (RPS),21-Aug-16
Sri Lanka,won,82 runs,0,won,1st,v Australia,Colombo (RPS),24-Aug-16
Sri Lanka,lost,2 wickets,24,won,1st,v Australia,Dambulla,28-Aug-16
Sri Lanka,lost,6 wickets,114,won,1st,v Australia,Dambulla,31-Aug-16
Sri Lanka,lost,5 wickets,42,won,1st,v Australia,Pallekele,4-Sep-16
Sri Lanka,won,8 wickets,153,won,2nd,v Zimbabwe,Harare,14-Nov-16
Sri Lanka,lost,62 runs,0,won,2nd,v West Indies,Harare,16-Nov-16
Sri Lanka,n/r,-,0,lost,2nd,v Zimbabwe,Bulawayo,21-Nov-16
Sri Lanka,won,1 runs,0,lost,1st,v West Indies,Bulawayo,23-Nov-16
Sri Lanka,won,6 wickets,75,lost,2nd,v Zimbabwe,Bulawayo,27-Nov-16
Sri Lanka,lost,8 wickets,94,lost,1st,v South Africa,Gqeberha,28-Jan-17
Sri Lanka,lost,121 runs,0,won,2nd,v South Africa,Durban,1-Feb-17
Sri Lanka,lost,7 wickets,108,lost,1st,v South Africa,Johannesburg,4-Feb-17
Sri Lanka,lost,40 runs,0,lost,2nd,v South Africa,Cape Town,7-Feb-17
Sri Lanka,lost,88 runs,0,won,2nd,v South Africa,Centurion,10-Feb-17
Sri Lanka,lost,90 runs,0,won,2nd,v Bangladesh,Dambulla,25-Mar-17
Sri Lanka,n/r,-,0,won,1st,v Bangladesh,Dambulla,28-Mar-17
Sri Lanka,won,70 runs,0,lost,1st,v Bangladesh,Colombo (SSC),1-Apr-17
Sri Lanka,lost,96 runs,0,won,2nd,v South Africa,The Oval,3-Jun-17
Sri Lanka,won,7 wickets,8,won,2nd,v India,The Oval,8-Jun-17
Sri Lanka,lost,3 wickets,31,lost,1st,v Pakistan,Cardiff,12-Jun-17
Sri Lanka,lost,6 wickets,14,won,1st,v Zimbabwe,Galle,30-Jun-17
Sri Lanka,won,7 wickets,119,won,2nd,v Zimbabwe,Galle,2-Jul-17
Sri Lanka,won,8 wickets,16,won,2nd,v Zimbabwe,Hambantota,6-Jul-17
Sri Lanka,lost,4 wickets,10,won,1st,v Zimbabwe,Hambantota,8-Jul-17
Sri Lanka,lost,3 wickets,71,lost,1st,v Zimbabwe,Hambantota,10-Jul-17
Sri Lanka,lost,9 wickets,127,lost,1st,v India,Dambulla,20-Aug-17
Sri Lanka,lost,3 wickets,16,lost,1st,v India,Pallekele,24-Aug-17
Sri Lanka,lost,6 wickets,29,won,1st,v India,Pallekele,27-Aug-17
Sri Lanka,lost,168 runs,0,lost,2nd,v India,Colombo (RPS),31-Aug-17
Sri Lanka,lost,6 wickets,21,won,1st,v India,Colombo (RPS),3-Sep-17
Sri Lanka,lost,83 runs,0,won,2nd,v Pakistan,Dubai (DSC),13-Oct-17
Sri Lanka,lost,32 runs,0,lost,2nd,v Pakistan,Abu Dhabi,16-Oct-17
Sri Lanka,lost,7 wickets,45,won,1st,v Pakistan,Abu Dhabi,18-Oct-17
Sri Lanka,lost,7 wickets,66,won,1st,v Pakistan,Sharjah,20-Oct-17
Sri Lanka,lost,9 wickets,178,won,1st,v Pakistan,Sharjah,23-Oct-17
Sri Lanka,won,7 wickets,176,won,2nd,v India,Dharamsala,10-Dec-17
Sri Lanka,lost,141 runs,0,won,2nd,v India,Mohali,13-Dec-17
Sri Lanka,lost,8 wickets,107,lost,1st,v India,Visakhapatnam,17-Dec-17
Sri Lanka,lost,12 runs,0,won,2nd,v Zimbabwe,Mirpur,17-Jan-18
Sri Lanka,lost,163 runs,0,lost,2nd,v Bangladesh,Mirpur,19-Jan-18
Sri Lanka,won,5 wickets,31,lost,2nd,v Zimbabwe,Mirpur,21-Jan-18
Sri Lanka,won,10 wickets,229,lost,2nd,v Bangladesh,Mirpur,25-Jan-18
Sri Lanka,won,79 runs,0,won,1st,v Bangladesh,Mirpur,27-Jan-18
Sri Lanka,lost,5 wickets,114,won,1st,v South Africa,Dambulla,29-Jul-18
Sri Lanka,lost,4 wickets,43,won,1st,v South Africa,Dambulla,1-Aug-18
Sri Lanka,lost,78 runs,0,won,2nd,v South Africa,Pallekele,5-Aug-18
Sri Lanka,won,3 runs,0,lost,1st,v South Africa,Pallekele,8-Aug-18
Sri Lanka,won,178 runs,0,won,1st,v South Africa,Colombo (RPS),12-Aug-18
Sri Lanka,lost,137 runs,0,lost,2nd,v Bangladesh,Dubai (DSC),15-Sep-18
Sri Lanka,lost,91 runs,0,lost,2nd,v Afghanistan,Abu Dhabi,17-Sep-18
Sri Lanka,n/r,-,0,won,2nd,v England,Dambulla,10-Oct-18
Sri Lanka,lost,31 runs,0,won,2nd,v England,Dambulla,13-Oct-18
Sri Lanka,lost,7 wickets,15,lost,1st,v England,Pallekele,17-Oct-18
Sri Lanka,lost,18 runs,0,lost,1st,v England,Pallekele,20-Oct-18
Sri Lanka,won,219 runs,0,won,1st,v England,Colombo (RPS),23-Oct-18
Sri Lanka,lost,45 runs,0,lost,2nd,v New Zealand,Mount Maunganui,3-Jan-19
Sri Lanka,lost,21 runs,0,lost,2nd,v New Zealand,Mount Maunganui,5-Jan-19
Sri Lanka,lost,115 runs,0,won,2nd,v New Zealand,Nelson,8-Jan-19
Sri Lanka,lost,8 wickets,67,lost,1st,v South Africa,Johannesburg,3-Mar-19
Sri Lanka,lost,113 runs,0,won,2nd,v South Africa,Centurion,6-Mar-19
Sri Lanka,lost,71 runs,0,won,2nd,v South Africa,Durban,10-Mar-19
Sri Lanka,lost,6 wickets,103,lost,1st,v South Africa,Gqeberha,13-Mar-19
Sri Lanka,lost,41 runs,0,won,1st,v South Africa,Cape Town,16-Mar-19
Sri Lanka,aban,-,0,-,-,v Scotland,Edinburgh,18-May-19
Sri Lanka,won,35 runs,0,lost,1st,v Scotland,Edinburgh,21-May-19
Sri Lanka,lost,10 wickets,203,lost,1st,v New Zealand,Cardiff,1-Jun-19
Sri Lanka,won,34 runs,0,lost,1st,v Afghanistan,Cardiff,4-Jun-19
Sri Lanka,aban,-,0,-,-,v Pakistan,Bristol,7-Jun-19
Sri Lanka,aban,-,0,-,-,v Bangladesh,Bristol,11-Jun-19
Sri Lanka,lost,87 runs,0,won,2nd,v Australia,The Oval,15-Jun-19
Sri Lanka,won,20 runs,0,won,1st,v England,Leeds,21-Jun-19
Sri Lanka,lost,9 wickets,76,lost,1st,v South Africa,Chester-le-Street,28-Jun-19
Sri Lanka,won,23 runs,0,lost,1st,v West Indies,Chester-le-Street,1-Jul-19
Sri Lanka,lost,7 wickets,39,won,1st,v India,Leeds,6-Jul-19
Sri Lanka,won,91 runs,0,won,1st,v Bangladesh,Colombo (RPS),26-Jul-19
Sri Lanka,won,7 wickets,32,lost,2nd,v Bangladesh,Colombo (RPS),28-Jul-19
Sri Lanka,won,122 runs,0,won,1st,v Bangladesh,Colombo (RPS),31-Jul-19
Sri Lanka,aban,-,0,-,-,v Pakistan,Karachi,27-Sep-19
Sri Lanka,lost,67 runs,0,lost,2nd,v Pakistan,Karachi,30-Sep-19
Sri Lanka,lost,5 wickets,10,won,1st,v Pakistan,Karachi,2-Oct-19
Sri Lanka,won,1 wickets,5,won,2nd,v West Indies,Colombo (SSC),22-Feb-20
Sri Lanka,won,161 runs,0,lost,1st,v West Indies,Hambantota,26-Feb-20
Sri Lanka,won,6 runs,0,won,1st,v West Indies,Pallekele,1-Mar-20
Sri Lanka,lost,8 wickets,18,won,1st,v West Indies,North Sound,10-Mar-21
Sri Lanka,lost,5 wickets,2,lost,1st,v West Indies,North Sound,12-Mar-21
Sri Lanka,lost,5 wickets,9,lost,1st,v West Indies,North Sound,14-Mar-21
Sri Lanka,lost,33 runs,0,lost,2nd,v Bangladesh,Mirpur,23-May-21
Sri Lanka,lost,103 runs,0,lost,2nd,v Bangladesh,Mirpur,25-May-21
Sri Lanka,won,97 runs,0,won,1st,v Bangladesh,Mirpur,28-May-21
Sri Lanka,lost,5 wickets,91,lost,1st,v England,Chester-le-Street,29-Jun-21
Sri Lanka,lost,8 wickets,42,lost,1st,v England,The Oval,1-Jul-21
Sri Lanka,n/r,-,0,lost,1st,v England,Bristol,4-Jul-21
Sri Lanka,lost,7 wickets,80,won,1st,v India,Colombo (RPS),18-Jul-21
Sri Lanka,lost,3 wickets,5,won,1st,v India,Colombo (RPS),20-Jul-21
Sri Lanka,won,3 wickets,48,lost,2nd,v India,Colombo (RPS),23-Jul-21
Sri Lanka,won,14 runs,0,won,1st,v South Africa,Colombo (RPS),2-Sep-21
Sri Lanka,lost,67 runs,0,lost,2nd,v South Africa,Colombo (RPS),4-Sep-21
Sri Lanka,won,78 runs,0,won,1st,v South Africa,Colombo (RPS),7-Sep-21
Sri Lanka,won,5 wickets,9,lost,2nd,v Zimbabwe,Pallekele,16-Jan-22
Sri Lanka,lost,22 runs,0,lost,2nd,v Zimbabwe,Pallekele,18-Jan-22
Sri Lanka,won,184 runs,0,won,1st,v Zimbabwe,Pallekele,21-Jan-22
Sri Lanka,lost,2 wickets,9,won,1st,v Australia,Pallekele,14-Jun-22
Sri Lanka,won,26 runs,0,lost,1st,v Australia,Pallekele,16-Jun-22
Sri Lanka,won,6 wickets,9,lost,2nd,v Australia,Colombo (RPS),19-Jun-22
Sri Lanka,won,4 runs,0,lost,1st,v Australia,Colombo (RPS),21-Jun-22
Sri Lanka,lost,4 wickets,63,won,1st,v Australia,Colombo (RPS),24-Jun-22
Sri Lanka,lost,60 runs,0,lost,2nd,v Afghanistan,Pallekele,25-Nov-22
Sri Lanka,n/r,-,0,lost,2nd,v Afghanistan,Pallekele,27-Nov-22
Sri Lanka,won,4 wickets,2,lost,2nd,v Afghanistan,Pallekele,30-Nov-22
Sri Lanka,lost,67 runs,0,won,2nd,v India,Guwahati,10-Jan-23
Sri Lanka,lost,4 wickets,40,won,1st,v India,Eden Gardens,12-Jan-23
Sri Lanka,lost,317 runs,0,lost,2nd,v India,Thiruvananthapuram,15-Jan-23
